{
    "CCC": {
        "D": -0.8927333243208557,
        "CCC": 0.21649746621347946,
        "B": 0.9712978080753526,
        "BB": 1.7245976901960776,
        "BBB": 2.019839870490649,
        "A": 2.7265513165043984,
        "AA": 3.1946510537632724,
        "AAA": 3.1946510537632724
    },
    "B": {
        "D": -1.5910425509188384,
        "CCC": -1.006448236418724,
        "B": 0.8274183207043821,
        "BB": 0.9119405762974095,
        "BBB": 1.2930319761442421,
        "A": 2.5426988193990443,
        "AA": 2.8943040530514264,
        "AAA": 2.8943040530514264
    },
    "BB": {
        "D": -2.2202765609095434,
        "CCC": -1.601799290569054,
        "B": -1.1026020951420403,
        "BB": 1.184538412593042,
        "BBB": 1.5316857521225429,
        "A": 1.8822653251976988,
        "AA": 3.155906757921808,
        "AAA": 3.155906757921808
    },
    "BBB": {
        "D": -3.1946510537632866,
        "CCC": -2.833786870043548,
        "B": -2.542698819399048,
        "BB": -1.4713370066704747,
        "BBB": 1.3575705280939248,
        "A": 1.782915865733973,
        "AA": 2.0879759963780473,
        "AAA": 2.0879759963780473
    },
    "A": {
        "D": -3.431614403623269,
        "CCC": -3.121389149359866,
        "B": -2.847963287487918,
        "BB": -2.1200716897421517,
        "BBB": -1.334622286700193,
        "A": 2.0857640650923526,
        "AA": 2.7943758687810494,
        "AAA": 2.7943758687810494
    },
    "AA": {
        "D": -3.5400837992061445,
        "CCC": -3.1946510537632866,
        "B": -2.878161739095484,
        "BB": -2.223234375511853,
        "BBB": -1.8158068900992215,
        "A": -1.2297252716207732,
        "AA": 2.395449516829621,
        "AAA": 2.395449516829621
    },
    "AAA": {
        "D": -3.5400837992061445,
        "CCC": -3.3527947805048286,
        "B": -2.98888226731579,
        "BB": -2.7943758687810414,
        "BBB": -2.369752422366986,
        "A": -2.214418549995833,
        "AA": -1.1615950345281494,
        "AAA": -1.1615950345281494
    }
}