{
    "CCC": {
        "D": -0.7043738285636005,
        "CCC": 1.495438649700264,
        "B": 1.9332939231408284,
        "BB": 2.5063059597918933,
        "BBB": NaN,
        "A": NaN,
        "AA": NaN,
        "AAA": NaN
    },
    "B": {
        "D": -1.4900921802973273,
        "CCC": -1.358200726937265,
        "B": 1.4713370066704747,
        "BB": 2.4521638140532898,
        "BBB": 2.9290497489376195,
        "A": 3.352794780504782,
        "AA": 8.209536151601387,
        "AAA": 8.209536151601387
    },
    "BB": {
        "D": -2.2292090300104643,
        "CCC": -2.1622358700341175,
        "B": -1.4437830903767752,
        "BB": 1.5848518438340822,
        "BBB": 2.5828074520082294,
        "A": 3.1946510537632267,
        "AA": 3.540083799205882,
        "AAA": 3.540083799205882
    },
    "BBB": {
        "D": -2.9677379253417833,
        "CCC": -2.833786870043548,
        "B": -2.3494731492712106,
        "BB": -1.580466818399362,
        "BBB": 1.5700649575278007,
        "A": 2.737012166484674,
        "AA": 3.290526731491988,
        "AAA": 3.290526731491988
    },
    "A": {
        "D": -3.090232306167813,
        "CCC": -3.0618141517617588,
        "B": -2.8337868700435482,
        "BB": -2.4676584925406817,
        "BBB": -1.6155113704677315,
        "A": 2.004654461765094,
        "AA": NaN,
        "AAA": NaN
    },
    "AA": {
        "D": -3.5400837992061445,
        "CCC": -3.035672366627073,
        "B": -3.011453758499784,
        "BB": -2.847963287487918,
        "BBB": -2.589913682701567,
        "A": -1.4091189443852752,
        "AA": 2.167457328865576,
        "AAA": 2.167457328865576
    },
    "AAA": {
        "D": -3.090232306167813,
        "CCC": -2.878161739095483,
        "B": -2.747781385444992,
        "BB": -2.7265513165043957,
        "BBB": -2.635554238190343,
        "A": -2.304403566359463,
        "AA": -1.475791028179171,
        "AAA": -1.475791028179171
    }
}