{
    "CCC": {
        "D": -0.8491461019870326,
        "CCC": 1.0215371869194863,
        "B": 1.7380613740747293,
        "BB": 2.113008971608027,
        "BBB": 2.6275587101050313,
        "A": 2.8627362635058886,
        "AA": 3.0618141517617308,
        "AAA": 3.0618141517617308
    },
    "B": {
        "D": -1.6257633862332344,
        "CCC": -1.3243103335876896,
        "B": 1.4559733025942663,
        "BB": 2.413502949588468,
        "BBB": 2.6874494471514474,
        "A": 3.0356723666269954,
        "AA": 3.7190164854548677,
        "AAA": 3.7190164854548677
    },
    "BB": {
        "D": -2.304403566359463,
        "CCC": -2.0415116207180075,
        "B": -1.2318637087349837,
        "BB": 1.3677191606361119,
        "BBB": 2.3910557857783092,
        "A": 2.9290497489376195,
        "AA": 3.431614403623198,
        "AAA": 3.431614403623198
    },
    "BBB": {
        "D": -2.9112377262430056,
        "CCC": -2.7477813854449926,
        "B": -2.1780810922893408,
        "BB": -1.493142078325901,
        "BBB": 1.5300675881378294,
        "A": 2.696844260878131,
        "AA": 3.540083799206175,
        "AAA": 3.540083799206175
    },
    "A": {
        "D": -3.2388801183529776,
        "CCC": -3.1946510537632866,
        "B": -2.7163805834608654,
        "BB": -2.300851965340215,
        "BBB": -1.5070415784970757,
        "A": 1.9845011501354208,
        "AA": 3.121389149359862,
        "AAA": 3.121389149359862
    },
    "AA": {
        "D": -3.090232306167813,
        "CCC": -3.0356723666270735,
        "B": -2.7943758687810414,
        "BB": -2.726551316504396,
        "BBB": -2.341624910132738,
        "A": -1.3563117453352476,
        "AA": 2.5121443279304616,
        "AAA": 2.5121443279304616
    },
    "AAA": {
        "D": -3.090232306167813,
        "CCC": -2.878161739095483,
        "B": -2.747781385444992,
        "BB": -2.635554238190343,
        "BBB": -2.589913682701567,
        "A": -2.2701249980205227,
        "AA": -1.3111709930552702,
        "AAA": -1.3111709930552702
    }
}